{
  "baseUrl": "http://rpa-test.datagrand.com",
  "env": {
    "accountEmail": "gaoxiaoyan%40datagrand.com",
    "password": "b29a8e35a7eeb51fd42c6abfb93597d9",
    "test_url": "http://rpa-test.datagrand.com",
    "product_v12": "http://rpa-v12.datagrand.com/",
    "product_v11": "http://rpa-v11.datagrand.com/"
  },
  "reporter": "mochawesome",
  "reporterOptions": {
    "reportDir": "cypress/results",
    "overwrite": true,
    "html": true,
    "json": true
  },
  "projectId": "iwaia2",
  "viewportHeight": 800,
  "viewportWidth": 1280

}


